{"epoch": 0, "train/loss": 0.5732907532756009, "val_mean_f1_macro": 0.6169071503824837, "val_mean_f1_micro": 0.8319649698960042, "val_mean_acc": 0.8319649698960043, "val_mean_loss_macro": 0.48409043657671064, "val_mean_f1/Noise": 0.6517231517231518, "val_mean_loss/Noise": 0.4404539513523081, "val_mean_counts/Noise_0": 236, "val_mean_counts/Noise_1": 7, "val_mean_counts/Noise_2": 18, "val_mean_f1/Zipper": 0.6346534863045595, "val_mean_loss/Zipper": 0.4524667795970653, "val_mean_counts/Zipper_0": 200, "val_mean_counts/Zipper_1": 49, "val_mean_counts/Zipper_2": 12, "val_mean_f1/Positioning": 0.42643415284924724, "val_mean_loss/Positioning": 0.4858284664214331, "val_mean_counts/Positioning_0": 247, "val_mean_counts/Positioning_1": 13, "val_mean_counts/Positioning_2": 1, "val_mean_f1/Banding": 0.5760726072607261, "val_mean_loss/Banding": 0.18474082964356509, "val_mean_counts/Banding_0": 257, "val_mean_counts/Banding_1": 1, "val_mean_counts/Banding_2": 3, "val_mean_f1/Motion": 0.5147502903600465, "val_mean_loss/Motion": 0.7016293795413389, "val_mean_counts/Motion_0": 221, "val_mean_counts/Motion_1": 5, "val_mean_counts/Motion_2": 35, "val_mean_f1/Contrast": 0.4939401047775432, "val_mean_loss/Contrast": 0.6231523940092943, "val_mean_counts/Contrast_0": 219, "val_mean_counts/Contrast_1": 37, "val_mean_counts/Contrast_2": 5, "val_mean_f1/Distortion": 0.6082226941469452, "val_mean_loss/Distortion": 0.5003612554719702, "val_mean_counts/Distortion_0": 207, "val_mean_counts/Distortion_1": 34, "val_mean_counts/Distortion_2": 20, "val_vote_f1_macro": 0.618019182171995, "val_vote_f1_micro": 0.8325123152709359, "val_vote_acc": 0.8325123152709359, "val_vote_loss_macro": 0.48409043657671064, "val_vote_f1/Noise": 0.6717431717431719, "val_vote_loss/Noise": 0.4404539513523081, "val_vote_counts/Noise_0": 236, "val_vote_counts/Noise_1": 7, "val_vote_counts/Noise_2": 18, "val_vote_f1/Zipper": 0.6254038479920254, "val_vote_loss/Zipper": 0.4524667795970653, "val_vote_counts/Zipper_0": 200, "val_vote_counts/Zipper_1": 48, "val_vote_counts/Zipper_2": 13, "val_vote_f1/Positioning": 0.4239028944911298, "val_vote_loss/Positioning": 0.4858284664214331, "val_vote_counts/Positioning_0": 246, "val_vote_counts/Positioning_1": 14, "val_vote_counts/Positioning_2": 1, "val_vote_f1/Banding": 0.623015873015873, "val_vote_loss/Banding": 0.18474082964356509, "val_vote_counts/Banding_0": 256, "val_vote_counts/Banding_1": 1, "val_vote_counts/Banding_2": 4, "val_vote_f1/Motion": 0.5055965055965056, "val_vote_loss/Motion": 0.7016293795413389, "val_vote_counts/Motion_0": 218, "val_vote_counts/Motion_1": 6, "val_vote_counts/Motion_2": 37, "val_vote_f1/Contrast": 0.5003367003367004, "val_vote_loss/Contrast": 0.6231523940092943, "val_vote_counts/Contrast_0": 218, "val_vote_counts/Contrast_1": 38, "val_vote_counts/Contrast_2": 5, "val_vote_f1/Distortion": 0.6129025618225455, "val_vote_loss/Distortion": 0.5003612554719702, "val_vote_counts/Distortion_0": 213, "val_vote_counts/Distortion_1": 31, "val_vote_counts/Distortion_2": 17, "val_max_f1_macro": 0.579404296272147, "val_max_f1_micro": 0.8160919540229885, "val_max_acc": 0.8160919540229885, "val_max_loss_macro": 0.20924039602860875, "val_max_f1/Noise": 0.606477821695213, "val_max_loss/Noise": 0.20282334343199504, "val_max_counts/Noise_0": 232, "val_max_counts/Noise_1": 7, "val_max_counts/Noise_2": 22, "val_max_f1/Zipper": 0.6251264322357309, "val_max_loss/Zipper": 0.18453575607472092, "val_max_counts/Zipper_0": 194, "val_max_counts/Zipper_1": 49, "val_max_counts/Zipper_2": 18, "val_max_f1/Positioning": 0.39056839886715405, "val_max_loss/Positioning": 0.23327583576516137, "val_max_counts/Positioning_0": 252, "val_max_counts/Positioning_1": 8, "val_max_counts/Positioning_2": 1, "val_max_f1/Banding": 0.5078619193927345, "val_max_loss/Banding": 0.10475087526093411, "val_max_counts/Banding_0": 255, "val_max_counts/Banding_1": 0, "val_max_counts/Banding_2": 6, "val_max_f1/Motion": 0.45945741706340204, "val_max_loss/Motion": 0.31718725844311957, "val_max_counts/Motion_0": 212, "val_max_counts/Motion_1": 7, "val_max_counts/Motion_2": 42, "val_max_f1/Contrast": 0.4471162821678285, "val_max_loss/Contrast": 0.22897151051193773, "val_max_counts/Contrast_0": 220, "val_max_counts/Contrast_1": 36, "val_max_counts/Contrast_2": 5, "val_max_f1/Distortion": 0.5874098107135207, "val_max_loss/Distortion": 0.19313819271239255, "val_max_counts/Distortion_0": 197, "val_max_counts/Distortion_1": 30, "val_max_counts/Distortion_2": 34, "val_weighted_f1_macro": 0.6169071503824837, "val_weighted_f1_micro": 0.8319649698960042, "val_weighted_acc": 0.8319649698960043, "val_weighted_loss_macro": 0.4840904337051664, "val_weighted_f1/Noise": 0.6517231517231518, "val_weighted_loss/Noise": 0.44045395114515623, "val_weighted_counts/Noise_0": 236, "val_weighted_counts/Noise_1": 7, "val_weighted_counts/Noise_2": 18, "val_weighted_f1/Zipper": 0.6346534863045595, "val_weighted_loss/Zipper": 0.4524667902321556, "val_weighted_counts/Zipper_0": 200, "val_weighted_counts/Zipper_1": 49, "val_weighted_counts/Zipper_2": 12, "val_weighted_f1/Positioning": 0.42643415284924724, "val_weighted_loss/Positioning": 0.4858284568622193, "val_weighted_counts/Positioning_0": 247, "val_weighted_counts/Positioning_1": 13, "val_weighted_counts/Positioning_2": 1, "val_weighted_f1/Banding": 0.5760726072607261, "val_weighted_loss/Banding": 0.1847408166846959, "val_weighted_counts/Banding_0": 257, "val_weighted_counts/Banding_1": 1, "val_weighted_counts/Banding_2": 3, "val_weighted_f1/Motion": 0.5147502903600465, "val_weighted_loss/Motion": 0.7016293769693385, "val_weighted_counts/Motion_0": 221, "val_weighted_counts/Motion_1": 5, "val_weighted_counts/Motion_2": 35, "val_weighted_f1/Contrast": 0.4939401047775432, "val_weighted_loss/Contrast": 0.6231523873150105, "val_weighted_counts/Contrast_0": 219, "val_weighted_counts/Contrast_1": 37, "val_weighted_counts/Contrast_2": 5, "val_weighted_f1/Distortion": 0.6082226941469452, "val_weighted_loss/Distortion": 0.500361256727589, "val_weighted_counts/Distortion_0": 207, "val_weighted_counts/Distortion_1": 34, "val_weighted_counts/Distortion_2": 20, "_timestamp": 1754720964.7553337, "_runtime": 72.0852267742157, "_step": 1, "_wandb": {"runtime": 71}, "best_f1": 0.6169071503824837}