{"fold": 0, "epoch": 0, "train/loss_batch": 0.4445514678955078, "train/lr": 0.0001, "_timestamp": 1754719468.4916153, "_runtime": 63.67927527427673, "_step": 16, "_wandb": {"runtime": 66}}