{"epoch": 0, "train/loss": 0.5842625046488337, "val_mean_f1_macro": 0.5321430864591744, "val_mean_f1_micro": 0.8278251599147121, "val_mean_acc": 0.8278251599147122, "val_mean_loss_macro": 0.49737157934764686, "val_mean_f1/Noise": 0.6045249795249795, "val_mean_loss/Noise": 0.524536932669779, "val_mean_counts/Noise_0": 228, "val_mean_counts/Noise_1": 18, "val_mean_counts/Noise_2": 22, "val_mean_f1/Zipper": 0.5322632823192733, "val_mean_loss/Zipper": 0.47774406940768804, "val_mean_counts/Zipper_0": 222, "val_mean_counts/Zipper_1": 45, "val_mean_counts/Zipper_2": 1, "val_mean_f1/Positioning": 0.31208499335989376, "val_mean_loss/Positioning": 0.39476199334025824, "val_mean_counts/Positioning_0": 265, "val_mean_counts/Positioning_1": 1, "val_mean_counts/Positioning_2": 2, "val_mean_f1/Banding": 0.5294970986460349, "val_mean_loss/Banding": 0.2123511802833739, "val_mean_counts/Banding_0": 264, "val_mean_counts/Banding_1": 1, "val_mean_counts/Banding_2": 3, "val_mean_f1/Motion": 0.41862527716186254, "val_mean_loss/Motion": 0.7207713954056466, "val_mean_counts/Motion_0": 256, "val_mean_counts/Motion_1": 0, "val_mean_counts/Motion_2": 12, "val_mean_f1/Contrast": 0.535680751173709, "val_mean_loss/Contrast": 0.6340563381800338, "val_mean_counts/Contrast_0": 240, "val_mean_counts/Contrast_1": 17, "val_mean_counts/Contrast_2": 11, "val_mean_f1/Distortion": 0.4071049407921601, "val_mean_loss/Distortion": 0.5173791461467482, "val_mean_counts/Distortion_0": 260, "val_mean_counts/Distortion_1": 0, "val_mean_counts/Distortion_2": 8, "val_vote_f1_macro": 0.5420509962524959, "val_vote_f1_micro": 0.8310234541577827, "val_vote_acc": 0.8310234541577826, "val_vote_loss_macro": 0.49737157934764686, "val_vote_f1/Noise": 0.6230108693195942, "val_vote_loss/Noise": 0.524536932669779, "val_vote_counts/Noise_0": 231, "val_vote_counts/Noise_1": 14, "val_vote_counts/Noise_2": 23, "val_vote_f1/Zipper": 0.5436816754872136, "val_vote_loss/Zipper": 0.47774406940768804, "val_vote_counts/Zipper_0": 220, "val_vote_counts/Zipper_1": 46, "val_vote_counts/Zipper_2": 2, "val_vote_f1/Positioning": 0.31137724550898205, "val_vote_loss/Positioning": 0.39476199334025824, "val_vote_counts/Positioning_0": 264, "val_vote_counts/Positioning_1": 1, "val_vote_counts/Positioning_2": 3, "val_vote_f1/Banding": 0.5294970986460349, "val_vote_loss/Banding": 0.2123511802833739, "val_vote_counts/Banding_0": 264, "val_vote_counts/Banding_1": 1, "val_vote_counts/Banding_2": 3, "val_vote_f1/Motion": 0.4381625781625782, "val_vote_loss/Motion": 0.7207713954056466, "val_vote_counts/Motion_0": 255, "val_vote_counts/Motion_1": 2, "val_vote_counts/Motion_2": 11, "val_vote_f1/Contrast": 0.5282733437663015, "val_vote_loss/Contrast": 0.6340563381800338, "val_vote_counts/Contrast_0": 240, "val_vote_counts/Contrast_1": 17, "val_vote_counts/Contrast_2": 11, "val_vote_f1/Distortion": 0.4252114164904863, "val_vote_loss/Distortion": 0.5173791461467482, "val_vote_counts/Distortion_0": 259, "val_vote_counts/Distortion_1": 0, "val_vote_counts/Distortion_2": 9, "val_max_f1_macro": 0.5341863024432413, "val_max_f1_micro": 0.8219616204690832, "val_max_acc": 0.8219616204690832, "val_max_loss_macro": 0.25237760185992053, "val_max_f1/Noise": 0.6152406026034811, "val_max_loss/Noise": 0.22967450046316476, "val_max_counts/Noise_0": 214, "val_max_counts/Noise_1": 23, "val_max_counts/Noise_2": 31, "val_max_f1/Zipper": 0.5217958313488014, "val_max_loss/Zipper": 0.2246179332480112, "val_max_counts/Zipper_0": 225, "val_max_counts/Zipper_1": 42, "val_max_counts/Zipper_2": 1, "val_max_f1/Positioning": 0.3107569721115538, "val_max_loss/Positioning": 0.19890094435433636, "val_max_counts/Positioning_0": 265, "val_max_counts/Positioning_1": 1, "val_max_counts/Positioning_2": 2, "val_max_f1/Banding": 0.40769230769230774, "val_max_loss/Banding": 0.144685685175178, "val_max_counts/Banding_0": 267, "val_max_counts/Banding_1": 1, "val_max_counts/Banding_2": 0, "val_max_f1/Motion": 0.44961877368397024, "val_max_loss/Motion": 0.3887244290493369, "val_max_counts/Motion_0": 252, "val_max_counts/Motion_1": 0, "val_max_counts/Motion_2": 16, "val_max_f1/Contrast": 0.4801900494649293, "val_max_loss/Contrast": 0.3225693638951771, "val_max_counts/Contrast_0": 238, "val_max_counts/Contrast_1": 12, "val_max_counts/Contrast_2": 18, "val_max_f1/Distortion": 0.44084916966272897, "val_max_loss/Distortion": 0.2574703568342394, "val_max_counts/Distortion_0": 258, "val_max_counts/Distortion_1": 0, "val_max_counts/Distortion_2": 10, "val_weighted_f1_macro": 0.5321430864591744, "val_weighted_f1_micro": 0.8278251599147121, "val_weighted_acc": 0.8278251599147122, "val_weighted_loss_macro": 0.49737157261153925, "val_weighted_f1/Noise": 0.6045249795249795, "val_weighted_loss/Noise": 0.5245369102862826, "val_weighted_counts/Noise_0": 228, "val_weighted_counts/Noise_1": 18, "val_weighted_counts/Noise_2": 22, "val_weighted_f1/Zipper": 0.5322632823192733, "val_weighted_loss/Zipper": 0.4777440742948644, "val_weighted_counts/Zipper_0": 222, "val_weighted_counts/Zipper_1": 45, "val_weighted_counts/Zipper_2": 1, "val_weighted_f1/Positioning": 0.31208499335989376, "val_weighted_loss/Positioning": 0.39476198751875197, "val_weighted_counts/Positioning_0": 265, "val_weighted_counts/Positioning_1": 1, "val_weighted_counts/Positioning_2": 2, "val_weighted_f1/Banding": 0.5294970986460349, "val_weighted_loss/Banding": 0.21235116979479743, "val_weighted_counts/Banding_0": 264, "val_weighted_counts/Banding_1": 1, "val_weighted_counts/Banding_2": 3, "val_weighted_f1/Motion": 0.41862527716186254, "val_weighted_loss/Motion": 0.7207713865695291, "val_weighted_counts/Motion_0": 256, "val_weighted_counts/Motion_1": 0, "val_weighted_counts/Motion_2": 12, "val_weighted_f1/Contrast": 0.535680751173709, "val_weighted_loss/Contrast": 0.6340563401070255, "val_weighted_counts/Contrast_0": 240, "val_weighted_counts/Contrast_1": 17, "val_weighted_counts/Contrast_2": 11, "val_weighted_f1/Distortion": 0.4071049407921601, "val_weighted_loss/Distortion": 0.5173791397095242, "val_weighted_counts/Distortion_0": 260, "val_weighted_counts/Distortion_1": 0, "val_weighted_counts/Distortion_2": 8, "_timestamp": 1754720878.6926248, "_runtime": 72.34130477905273, "_step": 1, "_wandb": {"runtime": 71}, "best_f1": 0.5321430864591744}