{"fold": 2, "epoch": 2, "train/loss_batch": 0.23574873805046082, "train/lr": 0.0001, "_timestamp": 1754720501.459509, "_runtime": 656.5105447769165, "_step": 164, "train/loss": 0.35816400037521645, "val_mean_f1_macro": 0.5785463659755882, "val_mean_acc": 0.8287172011661808, "val_mean_loss_macro": 0.4964896697440186, "val_mean_f1/Noise": 0.5581395348837209, "val_mean_loss/Noise": 0.47931920666211003, "val_mean_f1/Zipper": 0.7241314069487443, "val_mean_loss/Zipper": 0.38314552218571696, "val_mean_f1/Positioning": 0.4499068901303538, "val_mean_loss/Positioning": 0.33078006155088074, "val_mean_f1/Banding": 0.42069741282339707, "val_mean_loss/Banding": 0.18160663655631454, "val_mean_f1/Motion": 0.41979432332373506, "val_mean_loss/Motion": 0.7680856669510288, "val_mean_f1/Contrast": 0.49530905077262694, "val_mean_loss/Contrast": 0.6968433364165108, "val_mean_f1/Distortion": 0.4737484737484737, "val_mean_loss/Distortion": 0.6356472578855688, "val_mean_counts/Noise_0": 181, "val_mean_counts/Noise_1": 1, "val_mean_counts/Noise_2": 14, "val_mean_counts/Zipper_0": 143, "val_mean_counts/Zipper_1": 44, "val_mean_counts/Zipper_2": 9, "val_mean_counts/Positioning_0": 176, "val_mean_counts/Positioning_1": 19, "val_mean_counts/Positioning_2": 1, "val_mean_counts/Banding_0": 195, "val_mean_counts/Banding_1": 0, "val_mean_counts/Banding_2": 1, "val_mean_counts/Motion_0": 187, "val_mean_counts/Motion_1": 2, "val_mean_counts/Motion_2": 7, "val_mean_counts/Contrast_0": 160, "val_mean_counts/Contrast_1": 32, "val_mean_counts/Contrast_2": 4, "val_mean_counts/Distortion_0": 163, "val_mean_counts/Distortion_1": 25, "val_mean_counts/Distortion_2": 8, "val_vote_f1_macro": 0.5790121081348525, "val_vote_acc": 0.825801749271137, "val_vote_loss_macro": 0.4964896697440186, "val_vote_f1/Noise": 0.5581395348837209, "val_vote_loss/Noise": 0.47931920666211003, "val_vote_f1/Zipper": 0.7515873015873016, "val_vote_loss/Zipper": 0.38314552218571696, "val_vote_f1/Positioning": 0.43960674157303375, "val_vote_loss/Positioning": 0.33078006155088074, "val_vote_f1/Banding": 0.42069741282339707, "val_vote_loss/Banding": 0.18160663655631454, "val_vote_f1/Motion": 0.42009513120624237, "val_vote_loss/Motion": 0.7680856669510288, "val_vote_f1/Contrast": 0.4847682119205298, "val_vote_loss/Contrast": 0.6968433364165108, "val_vote_f1/Distortion": 0.4711103273966966, "val_vote_loss/Distortion": 0.6356472578855688, "val_vote_counts/Noise_0": 181, "val_vote_counts/Noise_1": 1, "val_vote_counts/Noise_2": 14, "val_vote_counts/Zipper_0": 143, "val_vote_counts/Zipper_1": 43, "val_vote_counts/Zipper_2": 10, "val_vote_counts/Positioning_0": 174, "val_vote_counts/Positioning_1": 21, "val_vote_counts/Positioning_2": 1, "val_vote_counts/Banding_0": 195, "val_vote_counts/Banding_1": 0, "val_vote_counts/Banding_2": 1, "val_vote_counts/Motion_0": 186, "val_vote_counts/Motion_1": 3, "val_vote_counts/Motion_2": 7, "val_vote_counts/Contrast_0": 160, "val_vote_counts/Contrast_1": 32, "val_vote_counts/Contrast_2": 4, "val_vote_counts/Distortion_0": 162, "val_vote_counts/Distortion_1": 26, "val_vote_counts/Distortion_2": 8, "val_max_f1_macro": 0.5593041944910352, "val_max_acc": 0.8163265306122449, "val_max_loss_macro": 0.18091180572709348, "val_max_f1/Noise": 0.5535377514012528, "val_max_loss/Noise": 0.20661879729289684, "val_max_f1/Zipper": 0.66497277676951, "val_max_loss/Zipper": 0.11381310253350307, "val_max_f1/Positioning": 0.44409126227308043, "val_max_loss/Positioning": 0.06243347876317815, "val_max_f1/Banding": 0.32460732984293195, "val_max_loss/Banding": 0.07981667463274375, "val_max_f1/Motion": 0.426785919045981, "val_max_loss/Motion": 0.3308678597898349, "val_max_f1/Contrast": 0.4803669330275558, "val_max_loss/Contrast": 0.23152649457016444, "val_max_f1/Distortion": 0.4342321501722933, "val_max_loss/Distortion": 0.24130623250733324, "val_max_counts/Noise_0": 174, "val_max_counts/Noise_1": 2, "val_max_counts/Noise_2": 20, "val_max_counts/Zipper_0": 140, "val_max_counts/Zipper_1": 46, "val_max_counts/Zipper_2": 10, "val_max_counts/Positioning_0": 181, "val_max_counts/Positioning_1": 15, "val_max_counts/Positioning_2": 0, "val_max_counts/Banding_0": 196, "val_max_counts/Banding_1": 0, "val_max_counts/Banding_2": 0, "val_max_counts/Motion_0": 185, "val_max_counts/Motion_1": 1, "val_max_counts/Motion_2": 10, "val_max_counts/Contrast_0": 153, "val_max_counts/Contrast_1": 38, "val_max_counts/Contrast_2": 5, "val_max_counts/Distortion_0": 159, "val_max_counts/Distortion_1": 18, "val_max_counts/Distortion_2": 19, "val_weighted_f1_macro": 0.5785463659755882, "val_weighted_acc": 0.8287172011661808, "val_weighted_loss_macro": 0.49648966648495, "val_weighted_f1/Noise": 0.5581395348837209, "val_weighted_loss/Noise": 0.4793192032664822, "val_weighted_f1/Zipper": 0.7241314069487443, "val_weighted_loss/Zipper": 0.38314554141814583, "val_weighted_f1/Positioning": 0.4499068901303538, "val_weighted_loss/Positioning": 0.33078004573217756, "val_weighted_f1/Banding": 0.42069741282339707, "val_weighted_loss/Banding": 0.18160663850631412, "val_weighted_f1/Motion": 0.41979432332373506, "val_weighted_loss/Motion": 0.7680856614339693, "val_weighted_f1/Contrast": 0.49530905077262694, "val_weighted_loss/Contrast": 0.6968433336649515, "val_weighted_f1/Distortion": 0.4737484737484737, "val_weighted_loss/Distortion": 0.6356472413726094, "val_weighted_counts/Noise_0": 181, "val_weighted_counts/Noise_1": 1, "val_weighted_counts/Noise_2": 14, "val_weighted_counts/Zipper_0": 143, "val_weighted_counts/Zipper_1": 44, "val_weighted_counts/Zipper_2": 9, "val_weighted_counts/Positioning_0": 176, "val_weighted_counts/Positioning_1": 19, "val_weighted_counts/Positioning_2": 1, "val_weighted_counts/Banding_0": 195, "val_weighted_counts/Banding_1": 0, "val_weighted_counts/Banding_2": 1, "val_weighted_counts/Motion_0": 187, "val_weighted_counts/Motion_1": 2, "val_weighted_counts/Motion_2": 7, "val_weighted_counts/Contrast_0": 160, "val_weighted_counts/Contrast_1": 32, "val_weighted_counts/Contrast_2": 4, "val_weighted_counts/Distortion_0": 163, "val_weighted_counts/Distortion_1": 25, "val_weighted_counts/Distortion_2": 8, "best_f1": 0.6103454291875461, "_wandb": {"runtime": 656}}